Municipality,Category,Description,Latitude,Longitude,Source File
"Adjuntas, Puerto Rico",Municipality,"\n Adjuntas(Spanish pronunciation:[axuntas]) is a small mountainsidetownandmunicipalityinPuerto Ricolocated central midwestern portion of the island on theCordillera Central, north ofYauco,Guayanilla, andPeuelas; southeast ofUtuado; east ofLaresand Yauco; and northwest ofPonce. Adjuntas is spread over 16barriosandAdjuntas Pueblo(the downtown area and the administrative center of the city). Adjuntas is about two hours by car westward from the capital,San Juan.\n Adjuntas is nicknamed ""theSwitzerlandof Puerto Rico"", because of its relatively chilly weather. ManyPuerto Ricanmountain towns have cooler weather than the rest of the island; Adjuntas is no exception: the average yearly weather is 70F(21C) (High: 83 F/28 C; Low: 58 F/14 C).[4]Puerto Rico\'s lowest temperature were recorded in Adjuntas at 38 F in 2018.[5]Its mild climate attracts a good number of island tourists during the summer months. The town has a small hotel named Monte Rio and a good-sizedparador, or country inn, called Villa Sotomayor.[6]\n",18.162777777777777,-66.72222222222223,Adjuntas.txt
"Aguada, Puerto Rico",Municipality,"\n Aguada(/wd/;Spanish:[awaa],locally[awaa]), originallySan Francisco de Ass de la Aguada, is atownandmunicipalityofPuerto Rico, located in the northwestern coastal valley region bordering the Atlantic Ocean, east ofRincn, south ofAguadilla, west ofMoca; and north ofAascoandMayagez. It is part of theAguadilla-Isabela-San Sebastin Metropolitan Statistical Area. Aguada\'s population is spread over 17barriosandAguada Pueblo(the downtown area and the administrative center of the city).\n The nameAguadais a shortening of the town\'s original nameSan Francisco de Ass de la Aguada.The wordaguadaliterally translates to ""watery"" or ""watered down"" from Spanish, possibly a reference to the town\'s strategic importance as a port in theMona Passageand the Atlantic Ocean.\n",18.379444444444445,-67.18833333333333,Aguada.txt
"Aguadilla, Puerto Rico",Municipality,"\n Aguadilla(Spanish pronunciation:[awaia],locally[awaia]), founded in 1775 by Luis de Crdova, is acityandmunicipalitylocated in the northwestern tip ofPuerto Rico, bordered by theAtlantic Oceanto the north and west, north ofAguada, andMocaand west ofIsabela. Aguadilla is spread over 15barriosandAguadilla Pueblo(the downtown area and the administrative center of the city). It is a principal city and core of theAguadilla-Isabela-San Sebastin Metropolitan Statistical Area.\n Aguadilla is a shortening of the town\'s original nameSan Carlos de La Aguadilla. The nameAguadillais a diminutive ofAguada, which is the name of thetownand municipality located to the south. Some of the municipality\'s nicknames are:Jardn del Atlntico(""Garden of theAtlantic""),Pueblo de los Tiburones(""SharkTown"") andLa Villa delOjo de Agua(""Villa of theWater Spring"") after the natural water spring that was used by early settlers and Spanish soldiers as a water source which is now located inEl Parterre SquareinAguadilla Pueblo.[3]\n",18.43,-67.15444444444445,Aguadilla.txt
"Aguas Buenas, Puerto Rico",Municipality,"\n Aguas Buenas, (Spanish pronunciation:[awaswenas],local pronunciation:[awawena]), popularly known as ""La Ciudad de las Aguas Claras"" or ""The City of Clear Waters"", is atownandmunicipalityofPuerto Ricolocated in theCentral Mountain Range, north ofCidra, south ofBayamn,GuaynaboandSan Juan; east ofComerio; and north-west ofCaguas. Aguas Buenas is spread over 9barriosandAguas Buenas Pueblo(the downtown area and the administrative center of the city). It is part of theSan Juan-Caguas-Guaynabo Metropolitan Statistical Area.\n The nameAguas Buenastranslates to ""good waters"". Thetown\'s and municipality\'s original names wereAguabuena(""good water""), originally a barrio or district ofCaguas, andAguas Claras(""clear waters""). These names and some of the municipality\'s nicknames such asCiudad de las Aguas Claras(""city of clear waters"") andOasis de Puerto Rico(""Puerto Rico\'soasis"") are a reference to the number of naturalwater springsthat can be found in the municipality, particularly those founds around theAguas Buenas Cave and Caverns System Nature Reserve(Spanish:Reserva Natural Sistema de Cuevas y Cavernas de Aguas Buenas). In addition toaguasbonenses, citizens and residents of Aguas Buenas are often referred to as Mulos (""mules"") or ocos (""amputees"").[2]\n",18.256944444444443,-66.10305555555556,Aguas Buenas.txt
"Aibonito, Puerto Rico",Municipality,"\n Aibonito(Spanish pronunciation:[ajonito]) is a small mountaintownandmunicipalityinPuerto Ricolocated in theSierra de Cayeymountain range, north ofSalinas; south ofBarranquitasandComero; east ofCoamo; and west ofCidra, andCayey. Aibonito is spread over 8barriosandAibonito Pueblo(the downtown area and the administrative center of the city). It is part of theSan Juan-Caguas-Guaynabo Metropolitan Statistical Area.\n Aibonito is located at a relatively high elevation (its main square is the highest in the island at 732 metres (2,401 ft) above sea level), which makes its climate cooler than most ofPuerto Rico\'s towns.\n",18.14,-66.26611111111112,Aibonito.txt
"Arecibo, Puerto Rico",Municipality,"\n Arecibo(/rsibo/;Spanish pronunciation:[aesio]) is acityandmunicipalityon the northern coast ofPuerto Rico, on the shores of theAtlantic Ocean, located north ofUtuadoandCiales; east ofHatillo; and west ofBarcelonetaandFlorida. It is about 50 miles (80 km) west ofSan Juan, the capital city. Arecibo is the largest municipality inPuerto Ricoby area, and it is the core city of theArecibo Metropolitan Statistical Areaand part of the greaterSan JuanBayamn, PRCombined Statistical Area.[4]It is spread over 18barriosandArecibo Pueblo(the downtown area and the administrative center of the city). Its population in 2020 was 87,754.\n TheArecibo Observatory, which housed theArecibo telescope, the world\'s largest radio telescope until July 2016, is located in the municipality. The Arecibo telescope collapsed on December 1, 2020. Arecibo is the seat of the Roman CatholicDiocese of Arecibo.\n",18.375,-66.625,Arecibo.txt
"Arroyo, Puerto Rico",Municipality,"\n Arroyo(Spanish pronunciation:[aroo]) is atownandmunicipalitylocated along the southern coast ofPuerto Ricoand bordered by theCaribbean Sea, east of the municipality ofGuayamaand northwest of the municipality ofPatillas. Arroyo is spread over 5 barrios andArroyobarrio-pueblo (the downtown area and administrative center). It is part of theGuayama Metropolitan Statistical Area.\n It is believed that the name ofArroyo(which means ""creek"" or ""brook"" inEnglish) is derived from a small water stream where travelers stopped to freshen up before continuing on their way.[2]\n",17.965833333333332,-66.06138888888889,Arroyo.txt
"Añasco, Puerto Rico",Municipality,"\n Añasco(Spanish pronunciation:[aasko],locally[aako]), named after one of its settlers, Don Luis de Añasco, is atownandmunicipalityofPuerto Ricolocated on the west coast of the island bordering theMona Passageto the west, north ofMayagez, andLas Marias; south ofRincn,Aguada, andMocaand west ofSan SebastinandLas Marias. It is part of theAguadilla-Isabela-San Sebastin Metropolitan Statistical Area.\n The nameAascocomes from Don Luis de Añasco, former owner of the land where thetownand municipality were founded. This family name is ofSpanish originfrom the province ofExtremadura.[2]\n",,,Añasco.txt
"Barceloneta, Puerto Rico",Municipality,"\n Barceloneta(Spanish pronunciation:[baseloneta],locally[baseloneta]) is atownandmunicipalityinPuerto Ricolocated in the north region, bordering theAtlantic Ocean, north ofFlorida(city and municipality in Puerto Rico), east ofArecibo, and west ofManat. Barceloneta is spread over 3 barrios andBarceloneta Pueblo(the downtown area and the administrative center of the city). It is part of theSan Juan-Caguas-Guaynabo Metropolitan Statistical Area.\n The name ofBarceloneta(""LittleBarcelona"") is derived from theSpanishcity, from where the town\'s founder originated.Barcelonetais also the name of a beach and neighborhood of Barcelona.[2]\n",18.450555555555553,-66.53861111111111,Barceloneta.txt
"Barranquitas, Puerto Rico",Municipality,"\n Barranquitas(Spanish pronunciation:[barakitas],locally[barakita]) is a small mountaintownandmunicipalitylocated in theCordillera Centralregion ofPuerto Rico, south ofCorozalandNaranjito; north ofCoamoandAibonito; west ofComeroandCidra; and east ofOrocovis. Barranquitas is spread over 6 barrios andBarranquitas Pueblo(the downtown area and the administrative center of the city). It is part of theSan Juan-Caguas-Guaynabo Metropolitan Statistical Area.\n Barranquitas is about one hour by winding roads fromSan Juan, the capital. It is nestled amid hills and mountains, and nearby, between Barranquitas and Aibonito, is theSan Cristbal Canyon; one of the deepest canyons in theWest Indies. For years, the overlook was used as a municipal garbage; in the last decade, the refuse was removed and the site restored.\n",18.186666666666667,-66.30638888888889,Barranquitas.txt
"Bayamn, Puerto Rico",Municipality,"\n Bayamn(Spanish pronunciation:[baamon],locally[baamo]) is acity,municipalityofPuerto Ricoand suburb ofSan Juanlocated in the northern coastal valley, north ofAguas BuenasandComero; south ofToa BajaandCatao; west ofGuaynabo; and east ofToa AltaandNaranjito. Bayamn is spread over 11barriosandBayamn Pueblo(thedowntownarea and theadministrative centerof the city). It is part of theSan Juan-Caguas-Guaynabo Metropolitan Statistical Areaand the second most populous municipality in both the metropolitan area and Puerto Rico.\n TheTano people, the indigenous peoples who encountered European explorers and settlers, were the long-time settlers in this area. TheSpanish colonistJuan Ramrez de Arellano establishedBayamnas aSpanishsettlement on May 22, 1772. Two theories exist about the origin of the name Bayamn. According to one, it was named after the local Tano chief,Bahamon. The other theory states the name was derived from theTanowordBayamongo, which is the native name of theriverthat runs across this region, implying that Bayamn is the area around this main river, which later on became the center of the city\'s development.\n",18.38,-66.16333333333334,Bayamón.txt
"Cabo Rojo, Puerto Rico",Municipality,"\n Cabo Rojo(Spanish pronunciation:[kaoroxo]) is acityandmunicipalitysituated on the southwest coast ofPuerto Ricoand forms part of theSan GermnCabo Rojo metropolitan areaas well as the largerMayagezSan GermnCabo Rojo Combined Statistical Area.\n The area nearLas Salinas(salt flats) has been inhabited since 30 BC and AD 120 according to archaeological evidence.Punta Ostiones, listed in theNational Register of Historic Placesas an archeological site, was home to a large group ofArchaic Indians.[3]\n",18.086666666666666,-67.14583333333334,Cabo Rojo.txt
"Caguas, Puerto Rico",Municipality,"\n Caguas(Spanish pronunciation:[kawas],locally[kawa]) is acityandmunicipalityofPuerto Ricolocated in theCentral Mountain Range of Puerto Rico, south ofSan JuanandTrujillo Alto, west ofGuraboandSan Lorenzo, and east ofAguas Buenas,Cidra, andCayey. Caguas was founded in 1775. The municipality had a population of 127,244 at the2020 census.[2]\n Caguas is located 20 miles (32 km) fromSan Juan. It is located in theValle de CaguasorCaguas Valley(also known asValle del Turaboor the Turabo Valley), at the eastern ranges of theCentral Mountain Range. It is known asLa Ciudad Criolla(CriolloCity),Valle del Turabo(theTuraboValley) andLa Cuna de los Trovadores(The Cradle of theTrovadores).[3]Its name originates from theTanocaciqueCaguax, who was a regional chief. Caguas is a principal city of both theSan Juan-Caguas-Guaynabo Metropolitan Statistical Areaand theSan Juan-Caguas-Fajardo Combined Statistical Area.[4]\n",18.231388888888887,-66.03944444444444,Caguas.txt
"Camuy, Puerto Rico",Municipality,"\n Camuy(Spanish pronunciation:[kamuj]) is atownandmunicipalityofPuerto Rico, bordering theAtlantic Ocean, north ofLaresandSan Sebastin; east ofQuebradillas; and west ofHatillo. Camuy is spread over 12 barrios andCamuy Pueblo(the downtown area and the administrative center of the city). The town celebrated its 200th anniversary in 2007.\n Camuy is part of the ""Porta Atlntico"" Tourist Area.\n",18.483888888888888,-66.845,Camuy.txt
"Canvanas, Puerto Rico",Municipality,"\n Canvanas(Spanish pronunciation:[kanoanas],locally[kanoana]) is atownandmunicipalityinPuerto Rico, located in the northeastern region, north ofJuncosandLas Piedras; south ofLoza; east ofCarolina; and west ofRo Grande. Canvanas is spread over 6 barrios andCanvanas Pueblo(the downtown area and administrative center). It is part of theSan Juan-Caguas-Guaynabo Metropolitan Statistical Area.\n The region of what is now Canvanas belonged to theTanoregion ofCayniabn, also thenative nameof theGrande de Loiza River, which stretched from the central eastern region of Puerto Rico to the northeast coast of the island.[2]The region was led by caciqueCanoban, from which the actual name is derived, in the south half, and female CacicaLoaizain the north (mostly modern dayLoza). During theSpanish colonization, the region of Canvanas was granted to Miguel Daz, who turned theTanoyucayeque into a ranch. It is said that Canbana, along with Loaiza, were supporters of the Spanish regime and did not join theTaino rebellion of 1511.[3]\n",18.379166666666666,-65.90138888888889,Canóvanas.txt
"Carolina, Puerto Rico",Municipality,"\n Carolina(/krolin/;Spanish pronunciation:[kaolina]) is acityandmunicipalitylocated on the northeast coast ofPuerto Rico. It lies immediately east of the capitalSan JuanandTrujillo Alto; north ofGuraboandJuncos; and west ofCanvanasandLoza. Carolina is spread over 12 barrios plusCarolina Pueblo(the downtown area and administrative center). It is part of theSan Juan-Caguas-Guaynabo Metropolitan Statistical Area, and home to Puerto Rico\'s main airport, theLuis Muoz Marn International Airport.\n The town was founded bySpanishcolonists in 1816 asTrujillo Bajo(""lower Trujillo""), along with its counterpartTrujillo AltoafterTrujillo, Spain. In 1857 it was renamed toSan Fernando de la Carolina, later shortened toCarolina, afterCharles II of Spain.[2]\n",18.40611111111111,-65.96722222222222,Carolina.txt
"Cataño, Puerto Rico",Municipality,"\n Cataño(Spanish pronunciation:[katao]) is atownandmunicipalitylocated on the northeastern coast ofPuerto Rico, bordering theSan Juan Bayand the Atlantic Ocean, and adjacent to the north and east bySan Juan; north ofBayamnandGuaynabo; east ofToa Bajaand west ofGuaynaboand is part of theSan Juan Metropolitan Area. Cataño is spread over 7 barrios andCatao Pueblo(the downtown area and the administrative center of the city). It is part of theSan Juan-Caguas-Guaynabo Metropolitan Statistical Area.\n Hernando de Cataowas chosen to offer his medical services inPuerto Ricoduring Francisco Bahamonde de Lugo\'s tenure asGovernor of Puerto Rico(15641568). He was one of the first physicians who arrived inPuerto Ricoduring itscolonization[2]and, upon accepting his position, received as payment a piece of land across theSan Juanislet. From that time, the region started to be recognized by the name of its original owner. As people started establishing in the area, Cataño was declared as abarrioofBayamn. However, there wasn\'t much success in the town\'s development during these years due to itsswamp-like terrain. Still, around 1690, a hermitage was established to allow residents to receive religious services without having to travel to Bayamn.\n",18.445,-66.11777777777777,Cataño.txt
"Cayey, Puerto Rico",Municipality,"\n Cayey(Spanish pronunciation:[kaej]), officiallyCayey de Muesas,[2]is a mountaintownandmunicipalityin centralPuerto Ricolocated on theSierra de Cayeywithin theCentral Mountain range, north ofSalinasandGuayama; south ofCidraandCaguas; east ofAibonitoand Salinas; and west ofSan Lorenzo. Cayey is spread over 21 barrios plusCayey Pueblo(the downtown area and the administrative center). It is part of theSan Juan-Caguas-Guaynabo Metropolitan Statistical Area.\n Cayey is notable for its surrounding mountains. The city has been actively growing since the 1990s, evidenced by its designation as aMetropolitan Areaby theU.S. Census Bureau. It has experienced significant growth in commerce, and many major retailers, such asWal-Marthave opened stores in the city. Industries in Cayey include sugar, tobacco and poultry. For tobacco there is a well-known company called Consolidated Cigar Corp.[3]A new coliseum and hospital facilities have also been built.Coca-Colais a major corporation that has a manufacturing facility in the town. Cayey is also host to one of the campuses of theUniversity of Puerto Rico, theUniversity of Puerto Rico at Cayey.\n",18.111666666666668,-66.16583333333334,Cayey.txt
"Ceiba, Puerto Rico",Municipality,"\n Ceiba(Spanish pronunciation:[seja]) is both a smalltownand amunicipalityin northeastPuerto Rico. It is named after the famousCeibatree. Ceiba is located in the north-east coast of the island, bordering the Atlantic Ocean, south ofFajardo, north ofNaguaboand southeast ofRo Grande. Located about one hour\'s driving distance fromSan Juan, Ceiba is spread over 7 barrios andCeiba Pueblo(the downtown area and administrative center). It is part of theFajardo Metropolitan Statistical Area.\n Ceiba was founded on April 7, 1838 by Luis de la Cruz. Ceiba derives its name from an Indian word Seyba, which is the name for a famous tree that grows in the island,Ceiba pentandra, the kapok tree.[2]\n",18.238055555555558,-65.62777777777777,Ceiba.txt
"Ciales, Puerto Rico",Municipality,"\n Ciales(Spanish pronunciation:[sjales],locally[sjale]) is atownandmunicipalityofPuerto Rico, located on theCentral Mountain Range, northwest ofOrocovis; south ofFloridaandManat; east ofUtuadoandJayuya; and west ofMorovis. Ciales is spread over eight barrios andCiales Pueblo(the downtown area and the administrative center of the city). It is part of theSan Juan-Caguas-Guaynabo Metropolitan Statistical Area.\n Sources diverge on the origin of the Ciales name. Nineteenth-century historianCayetano Coll y Tostestated that it was named as such by then-governor Gonzalo de Arstegui Herrera in honor ofGeneral Luis de Lacy, who had gone againstFerdinand VII\'sabsolutist wishes.[2]Coll y Toste suggested that the Villa Lacy[3]name came from the anagram ""es-la-cy"" anagram.[2][4]\n",18.33611111111111,-66.46888888888888,Ciales.txt
"Cidra, Puerto Rico",Municipality,"\n Cidra(Spanish pronunciation:[sia]) is atownandmunicipalityofPuerto Ricolocated in the central region of the island, north ofCayey; south ofComeroandAguas Buenas; east ofAibonitoandBarranquitas; and west ofCaguas. Cidra is spread over 12 barrios andCidra Pueblo(the downtown area and the administrative center of the city). It is part of theSan Juan-Caguas-Guaynabo Metropolitan Statistical Area.\n Cidra is known as""El Pueblo de la Eterna Primavera""(""Town of the Eternal Spring"") and""El Pueblo de la Paloma Sabanera""(""Town of the Plain Pigeon"").\n",18.175833333333333,-66.1613888888889,Cidra.txt
"Coamo, Puerto Rico",Municipality,"\n Coamo(Spanish pronunciation:[koamo],locally[kwamo]) is atownandmunicipalityfounded in 1579 in the south-central region ofPuerto Rico, located north ofSanta Isabel; south ofOrocovisandBarranquitas; east ofVillalbaandJuana Daz; and west ofAibonitoandSalinas. The municipality of Coamo is spread over 10 barrios andCoamo Pueblo the town or downtown area and administrative center of the city. The Coamo municipality is also aMicropolitan Statistical Areaand as such is part of thePonce-Yauco-Coamo Combined Statistical Area.\n The town of Coamo and parts of its barrios are nestled in avalleyabout 20 miles (32 km) east of the town ofPonce(about 40 minutes by car). It was namedSan Blas Illescas de Coamoby Spanish settlers in 1579.Saint Blaise(San Blas) was designated by the Catholic Church as the patron saint of the town, and so it remains presently.Illescasis the Spanish town where some of the town founders originated (nowadays inToledo province, Castile-La Mancha, Spain).\n",18.08,-66.35805555555555,Coamo.txt
"Comero, Puerto Rico",Municipality,"\n Comero(Spanish pronunciation:[komei.o]) is atownandmunicipalityofPuerto Ricoin the center-eastern region of island, north ofAibonito; south ofNaranjitoandBayamn; east ofBarranquitas; and west ofCidraandAguas Buenas. Comero is spread over 7 barrios andComero Pueblo(the downtown area and the administrative center of the city). It is part of theSan Juan-Caguas-Guaynabo Metropolitan Statistical Area.\n Comero was founded on June 12, 1826. Originally namedSabana del Palmar, but later changed toComero.[2]\n",18.218055555555555,-66.22611111111111,Comerío.txt
"Corozal, Puerto Rico",Municipality,"\n Corozal(Spanish pronunciation:[koosal]) is atownandmunicipalityofPuerto Ricolocated in the central-eastern region, north ofOrocovisandBarranquitas; south ofVega Alta; southwest ofToa Alta; east ofMorovisand Orocovis; and west ofNaranjito. Corozal is spread over 12 barrios andCorozal Pueblo(the downtown area and the administrative center of the city). It is part of theSan Juan-Caguas-Guaynabo Metropolitan Statistical Area.\n The city name is derived from the ""palma de corozo"" (grugru palm,Acrocomia media) which abounds in theCordillera Centralzone of the Island.\n",18.341666666666665,-66.31694444444445,Corozal.txt
"Culebra, Puerto Rico",Municipality,"\n Isla Culebra(Spanish pronunciation:[kulea],Snake Island) is an island,townandmunicipalityofPuerto Rico, and together withVieques, it is geographically part of theSpanish Virgin Islands. It is located approximately 17 miles (27 km) east of the Puerto Rican mainland, 12 miles (19 km) west ofSt. Thomasand 9 miles (14 km) north ofVieques. Culebra is spread over 5 barrios andCulebra Pueblo (Dewey), the main town and the administrative center of the island. Residents of the island are known as culebrenses. With a population of 1,792 as of the 2020 Census, it is Puerto Rico\'s least populous municipality.[3]\n Originally calledIsla del PasajeandIsla de San Ildefonso, Culebra is also known asIsla Chiquita(""Little Island""),Cuna del Sol Borincano(""Cradle of the Puerto Rican Sun"") andltima Virgen(""Last Virgin"", due to its position at the end of theVirgin Islandsarchipelago).\n",18.316944444444445,-65.28999999999999,Culebra.txt
"Dorado, Puerto Rico",Municipality,"\n Dorado(Spanish pronunciation:[doao]) is atownandmunicipalityon the northern coast ofPuerto Rico, 15 miles (24 km) west ofSan Juanand is located in the northern region of the island, bordering the Atlantic Ocean, north ofToa Alta, east ofVega Alta, and west ofToa Baja. Dorado is subdivided into fivebarriosandDorado Pueblo(the downtown area and the administrative center of the city). It is part of theSan Juan-Caguas-Guaynabo Metropolitan Statistical Area. During the early 18th century, there were already mentions of a""Sitio de Dorado""(meaning a golden place) in some San Juan registers.[2]Since the beginning of the Spanish colonial period and until 1831,Doradoexisted as a barrio (orward) of the town ofToa Baja. Over several years, the ward grew and established its own town center called the ""new pueblo"" to differentiate itself from Toa Baja, which became known as the ""old pueblo."" Over several years, the barrios that currently make up Dorado grew and the people of the ""new pueblo"" wanted to separate themselves from Toa Baja.\n On November 22, 1842, Jacinto Lpez Martnez, the Sergeant at Arms for the ward of Dorado, petitioned the SpanishGovernor of Puerto Rico, Santiago Mndez Vigo, to establish the municipality of Dorado. The governor authorized the founding of the town pending the construction of public works, including an administrative building and a church near the town square. In 1848, the construction of the public works were completed and Lpez Martnez became the first mayor of Dorado. Puerto Rico was ceded by Spain in the aftermath of theSpanishAmerican Warunder the terms of theTreaty of Paris of 1898and became a territory of the United States. In 1902, four years after theSpanishAmerican War, Dorado was again appended to Toa Baja. But in 1905 it regained its status as a separate town. Nowadays, Dorado has upscale neighborhoods and a small downtown area with aplaza(maintown square), as other Puerto Rican municipalities. The town\'s patron saint isAnthony of Padua, and patron saint celebrations are held at the plaza every year on June 13.\n",18.45888888888889,-66.26777777777778,Dorado.txt
"Fajardo, Puerto Rico",Municipality,"\n Fajardo(Spanish pronunciation:[faxao]) is atownand amunicipalitypart of theSan Juan-Caguas-Fajardo Combined Statistical AreainPuerto Rico.\n Fajardo is the hub of much of the recreational boating in Puerto Rico and a popular launching port toCulebra,Vieques, and theU.S.andBritish Virgin Islands. It is also home to the largest marina in the Caribbean, calledPuerto del Rey. The town contains various hotels and inns.\n",18.325833333333332,-65.6525,Fajardo.txt
"Florida, Puerto Rico",Municipality,"\n Florida(Spanish pronunciation:[floia]) is a town andmunicipalityofPuerto Ricolocated in thekarst regionnorth ofCiales, south ofBarceloneta, east ofArecibo, and west ofManat. Florida is not like other municipalities of Puerto Rico with multiple subdivisions called barrios. It has one barrio called Florida Adentro and two other subdivisions: Florida Zona Urbana and Pajonalcomunidad. It is part of theSan Juan-Caguas-Guaynabo Metropolitan Statistical Area.\n Florida was founded first as abarrioofBarcelonetain 1881 when a priest named Father Carrin, the mayor of Barceloneta, and other dignitaries visited a tract of land of almost 4 acres. They decided to establish a new barrio. The owner of the land, Don Manuel Cintrn, granted the land while he retained a piece of it. The barrio was first calledFlorida Adentro.[2]\n",18.363611111111112,-66.57138888888889,Florida.txt
"Guayama, Puerto Rico",Municipality,"\n Guayama(Spanish:[waama],locally[waama]), officially theAutonomous Municipality of Guayama(Spanish:Municipio Autnomo de Guayama), is acityandmunicipalityon theCaribbeancoast ofPuerto Rico. As of the2020 U.S. Census, the city had a population of 36,614. It is the center of theGuayama metropolitan areawith a population of 68,442 in 2020.\n The original name of the city isSan Antonio de Padua de Guayama, named after the saintAnthony of Padua; as with other settlement names in Puerto Rico, the name was eventually shortened toGuayama.Guayamacomes from the name of aTanocacique(chief), who was leader of the tribes in the southeastern coast of Puerto Rico. TheTanowordGuayama(wayama) is said to mean ""great place"" or ""big open space"".[6]Another legend tells that the name of the town comes from the name of a woman called Juana Guayama who is said to have been an early owner of the land around Guayama and granter of the land in modern-dayMachetewhere the town was later founded.[7]\n",17.974166666666665,-66.11,Guayama.txt
"Guayanilla, Puerto Rico",Municipality,"\n Guayanilla(Spanish pronunciation:[waania],locally[waania]) is atownandmunicipalityofPuerto Ricolocated on the southern coast of the island, bordering theCaribbean Sea, south ofAdjuntas, east ofYauco; and west ofPeuelasand about 12 miles (19 km) west ofPonce. Guayanilla is spread over 16 barrios andGuayanilla Pueblo(the downtown area and the administrative center of the city). It is part of theYauco Metropolitan Statistical Area.\n Guayanilla was founded by Puerto Ricancriollos. The original name wasGuadianillain memory of a river and town of the same name inSpain. However, it was changed toGuayanillato resemble a native word in theTanolanguage. The name Guayanilla is derived from a combination ofGuayniaandSanta Maria de Guadianilla.\n",18.019166666666667,-66.79194444444444,Guayanilla.txt
"Guaynabo, Puerto Rico",Municipality,"\n Guaynabo(Spanish pronunciation:[wajnao],locally[wajnao]) is acity,suburbofSan Juanandmunicipalityin the northern part ofPuerto Rico, located in the northern coast of the island, north ofAguas Buenas, south ofCatao, east ofBayamn, and west ofSan Juan. Guaynabo is spread over 9 barrios andGuaynabo Pueblo(the downtown area and the administrative center of the suburb). Guaynabo is considered, along with its neighbors San Juan and the municipalities ofBayamn,Carolina,Cataño,Trujillo Alto, andToa Baja to be part of theSan Juan metropolitan area. It is also part of the largerSan Juan-Caguas-Guaynabo Metropolitan Statistical Area, (the largestMSAin Puerto Rico).\n The municipality has a land area of 27.13 square miles (70.3 km2) and a population of 89,780 as of the2020 census. The municipality is known for being an affluent suburb of San Juan and for its formerIrishheritage. The studios ofWAPA-TVis located in Guaynabo.\n",18.366666666666667,-66.1,Guaynabo.txt
"Gurabo, Puerto Rico",Municipality,"\n Gurabo(Spanish pronunciation:[uao]) is atownandmunicipalityin easternPuerto Rico. It is located in the central eastern region, north ofSan Lorenzo; south ofTrujillo Alto; east ofCaguas; and west ofCarolinaandJuncos. Gurabo is spread over 9 barrios andGurabo Pueblo(the downtown area and the administrative center of the city). It is part of theSan Juan-Caguas-Guaynabo Metropolitan Statistical Area.\n Gurabo\'s history dates as far back as the 17th century, when it was actually part ofCaguas. Then, the area was known asBurabo. By 1700, transportation, medical and economic troubles were crippling the population of theBuraboarea; traveling to Caguas\' center for business and medical help was not easy and took hours. This led many ofBurabo\'s citizens to seek autonomy for the area.\n",18.254444444444445,-65.97305555555556,Gurabo.txt
"Gunica, Puerto Rico",Municipality,"\n Gunica(Spanish pronunciation:[wanika],locally[wanika]) is atownandmunicipalityin southernPuerto Rico, bordering the Caribbean Sea, south ofSabana Grande, east ofLajas, and west ofYauco. It is part of theYauco metropolitan statistical area.\n Gunica barrio-pueblo, also known asPueblo de Gunica, is the downtown of the municipality. Gunica\'s population in 2020 was 13,787 people. Gunica is located on a deeply indentedharborof the same name. The harbor resembles a tropicalfjord, narrow and bordered by rugged hills, barely a quarter-mile wide, but about two miles (3.2 km) from mouth to the town. The town is about 100 miles (160 km) and over two hours\' driving distance fromSan Juan, and about 20 miles (30 km) west ofPonce.\n",17.971666666666664,-66.90805555555556,Guánica.txt
"Hatillo, Puerto Rico",Municipality,"\n Hatillo(Spanish pronunciation:[atio]) is atownandmunicipalitylocated inPuerto Rico\'s north coast, bordered by theAtlantic Oceanto the north,LaresandUtuadoto the south,Camuyto the west, andAreciboto the east. According to the 2000 US Census Hatillo is spread over nine barrios andHatillo Pueblo(the downtown area and the administrative center of the city). It is part of theSan Juan-Caguas-Guaynabo Metropolitan Statistical Area.\n Agustn Ruiz Miranda, aCanarianimmigrant, founded Hatillo on approximately tencuerdas(acuerdais 0.97 acre, also called a Spanish acre) in 1823. Miranda granted this land on the condition that public buildings be erected and wide streets be built, and that the remaining land be sold or used for homes.[2]\n",18.48638888888889,-66.82555555555555,Hatillo.txt
"Hormigueros, Puerto Rico",Municipality,"\n Hormigueros(Spanish pronunciation:[omieos],locally[omieo]) is atownandmunicipalityofPuerto Ricolocated in the western region of the island, northeast ofCabo Rojo; northwest ofSan Germn; and south ofMayagez. Hormigueros is spread over 5 barrios andHormigueros Pueblo(the downtown area and the administrative center). It is part of theMayagez Metropolitan Statistical Area.\n The region of what is now Hormigueros belonged to theGuayniaregion, located on the southwest portion of Puerto Rico. Archaeological findings have established that there were tribes already settled in the region around 820 BC.\n",18.139722222222222,-67.1275,Hormigueros.txt
"Humacao, Puerto Rico",Municipality,"\n Humacao(Spanish pronunciation:[umakao]) is acityandmunicipalityinPuerto Ricolocated in the eastern coast of the island, north ofYabucoa; south ofNaguabo; east ofLas Piedras; and west ofVieques Passage. Humacao is spread over 12 barrios andHumacao Pueblo(the downtown area and the administrative center of the city). It is part of theSan Juan-Caguas-Guaynabo Metropolitan Statistical Area.\n The region of what is now Humacao belonged to theTanoregion of Humaka, which covered a portion of the southeast coast of Puerto Rico.[3]The region was led by caciqueJumacao(also referred to as ""Macao"").[4]The Tano settlement was located on the shores of what is called now theHumacao River. It is believed that the Tano chief Jumacao was the first ""cacique"" to learn to read and write in Spanish, since he wrote a letter to theKing of SpainCharles Icomplaining about how theGovernor of the islandwasn\'t complying with their peace agreement. In the letter, Jumacao argued that their people were virtually prisoners of Spain. It is said that King Charles was so moved by the letter that he ordered the Governor to obey the terms of the treaty.[5][6][self-published source]\n",18.149722222222223,-65.8275,Humacao.txt
"Isabela, Puerto Rico",Municipality,"\n Isabela(Spanish pronunciation:[isaela]) is atownandmunicipalityofPuerto Ricolocated in the north-western region of the island, north ofSan Sebastin; west ofQuebradillas; and east ofAguadillaandMoca. It is named in honor of QueenIsabella I of Castile. Isabela is spread over 13 barrios andIsabela Pueblo, which is the downtown area and administrative center. It is a principal part of theAguadilla-Isabela-San Sebastin Metropolitan Statistical Area.\n The town is known as theJardn del Noroeste(""Garden of the Northwest""), because of the manywild flowersin its landscape. It is also known asEl Pueblo de los Quesitos de Hoja(""Town of Leaf Cheeses"") for its production of a typical fresh white cheese wrapped in banana plant leaves, reputed to be the best.[citation needed]It is also known as laCiudad de los Gallitosor the ""City of the Fighting Cocks."" Since the 18th century,cock fightingwas very common throughout the island, and the town became well known for the quality of its fighting cocks and special breeding and training techniques used by its people.[2]\n",18.513055555555557,-67.07,Isabela.txt
"Jayuya, Puerto Rico",Municipality,"\n Jayuya(Spanish pronunciation:[xaua]) is atownandmunicipalityofPuerto Ricolocated in themountainous center regionof the island, north ofPonce; east ofUtuado; and west ofCiales. Jayuya is spread over 10barriosandJayuya Pueblo[3][4](the downtown and administrative center of the city). It is the principal city of the JayuyaMicropolitan Statistical Area.\n Named after theTanotribal leader,Hayuya, Jayuya is known for its skilledwood carvers. Among its monuments are the statue ofNemesio Canalesand the bust of Hayuya, both by the Puerto Rican sculptorToms Batista.\n",18.21861111111111,-66.59166666666667,Jayuya.txt
"Juana Daz, Puerto Rico",Municipality,"\n Juana Daz(Spanish pronunciation:[xwanai.as]) is atownandmunicipalityofPuerto Ricolocated on the southern coast of the island, south ofJayuya,Ciales,OrocovisandVillalba; east ofPonce; and west ofCoamoandSanta Isabeland theCaribbean Seato the south. Juana Daz is spread over 13 barrios andJuana Diaz Pueblo(the downtown area and the administrative center of the city). It is part of thePonce Metropolitan Statistical Area.\n Juana Daz is known as ""La Ciudad del Mav"" (Mav City).Mabiis a fermented Tano beverage made out from the bark of the mavi treeColubrina elliptica.\n",18.052500000000002,-66.50666666666666,Juana Díaz.txt
"Juncos, Puerto Rico",Municipality,"\n Juncos(Spanish pronunciation:[xukos]) is atownand one of the 78municipalities of Puerto Rico. It is located in the eastern central region of the island to the west of theCaguasValley, south ofCanvanasandCarolina; southeast ofGurabo; east ofSan Lorenzo; and west ofLas Piedras. Juncos is spread over 9 barrios andJuncos barrio-pueblo(the downtown area and administrative center of the city). It is part of theSan Juan-Caguas-Guaynabo Metropolitan Statistical Area.\n Juncos was founded on the request ofToms Pizarroon August 2, 1797, having previously been a village which evolved from a small ranch, theHatillo de los Juncos. This ranch was part of theHato del Valenciano, which gave its name to theRo Valencianowhich bisects the city before joining theRo Guraboto the north of the settlement.\n",18.2275,-65.92111111111112,Juncos.txt
"Lajas, Puerto Rico",Municipality,"\n Lajas(Spanish pronunciation:[laxas]) is atownandmunicipalityofPuerto Ricolocated in theLajas Valleyin southwesternPuerto Rico, on the southern coast of the island, bordering theCaribbean Sea, south ofSan GermnandSabana Grande; east ofCabo Rojo; and west ofGunica. Lajas is spread over 11 barrios plusLajas Pueblo(the downtown area and the administrative center of the city). It is part of theSan Germn-Cabo Rojo Metropolitan Statistical Area.\n Located in theLajas Valley, the town was founded in 1883 by theXuetaTeodoro Jcome Pagn. Xuetes (Chuetas) wereMajorcanJews(SephardicCatalan Jews). Some families changed their names fromJcometo the Castilian formSantiago.Jcomeis theMallorquinform ofJames(Ia\'akov).CatalanJews fromMajorcawere part of the early settlers in the south ofBorikn(Puerto Rico).\n",18.05194,-67.05972,Lajas.txt
"Lares, Puerto Rico",Municipality,"\n Lares(Spanish pronunciation:[laes],locally[lae]) is a mountaintownandmunicipalityofPuerto Rico\'s central-western area. Lares is located north ofMaricaoandYauco; south ofCamuy, east ofSan SebastinandLas Marias; and west ofHatillo,UtuadoandAdjuntas. Lares is spread over 10 barrios andLares Pueblo(Downtown Lares). It is part of theAguadilla-Isabela-San Sebastin Metropolitan Statistical Area.\n A city adorned withSpanish-era colonial-style churches and small downtown stores, Lares is located on a mountainous, breezy area that is about 1.5 hours from the capitalSan Juanby car.\n",18.295,-66.8786111111111,Lares.txt
"Las Maras, Puerto Rico",Municipality,"\n Las Maras(Spanish pronunciation:[lasmarias],locally[lamaia]) is atownandmunicipalityofPuerto Ricolocated north ofMaricao; southeast ofAasco; south ofSan Sebastin; east ofMayagez; and west ofLares. Las Maras is spread over 13barriosandLas Maras Pueblo(the downtown area and the administrative center of the city).\n Las Maras was founded on July 1, 1871. Don Benito Recio y Moreno was the acting mayor during the founding of Las Maras.\n",18.25138888888889,-66.99333333333334,Las Marías.txt
"Las Piedras, Puerto Rico",Municipality,"\n Las Piedras(Spanish pronunciation:[laspjeas]), is atownandmunicipalityin eastPuerto Ricolocated in the central eastern region of the island, north ofYabucoa; south ofCanvanasandRo Grande; east ofJuncosandSan Lorenzo; and west ofNaguaboandHumacao. Las Piedras is spread over 7 barrios andLas Piedras Pueblo(the downtown area and the administrative center of the city). It is part of theSan Juan-Caguas-Guaynabo Metropolitan Statistical Area.\n Las Piedras has many natural attractions such asCueva del Indiowhich contains originalTainocaves and paintings that denote some characteristics of the island\'s natives. Las Piedras is located about 45 minutes fromSan Juan, Puerto Rico\'s capital and 5 minutes fromPalmas del Mar,Humacaowhich is one of the biggest resorts in the Caribbean.\n",18.18305555555556,-65.86638888888888,Las Piedras.txt
"Loza, Puerto Rico",Municipality,"\n Loza(pronounced[loisa]) is atownandmunicipalityon the northeastern coast ofPuerto Rico, north ofCanvanas; east ofCarolina, Puerto Rico; and west ofRo Grande, Puerto Rico. Loza is spread over five barrios andLoza Pueblo(the downtown area and the administrative center of the city). It is part of theSan Juan-Caguas-Guaynabo Metropolitan Statistical Area. It is renowned for its richAfro-Puerto Ricanculture and heritage.\n Some say its name comes from a femalecacique, named Loaza or Yuza, who governed the region formerly called Haimanio, on the shores of theRo Grande de Loza. It is said that this cacique might have married amulattoconquistadorcalled Pedro Mejas, but there is no evidence of this.[2]Other sources point to aSpanishlandlord named Iigo Lpez de Cervantes y Loayza, who owned a lot of the territory, and was renowned among governors and colonists of the time.[3]\n",18.419722222222223,-65.87305555555555,Loíza.txt
"Luquillo, Puerto Rico",Municipality,"\n Luquillo(Spanish pronunciation:[lukio]) is atownandmunicipalityofPuerto Ricolocated in the northeast coast, northwest ofFajardo; and east ofRio Grande. Luquillo is spread over 5 barrios andLuquillo Pueblo(the downtown area and the administrative center of the city). It lends its name to theSierra de Luquillo, whereEl Yunque National Forestis located. It is part of theFajardo Metropolitan Statistical Area.\n The city of Luquillo is 26 square miles and it sits on 12 miles ofAtlanticcoastline. It is nestled between the blue waters of the Atlantic and theEl Yunque National Forest, arainforest, giving it a diverse and unique ecology. Luquillo marks the beginning of theNortheast Ecological CorridorNature Reserve which runs down the coast from downtown Luquillo all the way down to the Seven Seas Beach inFajardo. During certain times of the year, it is not unusual to encounter rare orendangered speciesof fauna (like theleatherback turtle) while visiting in Luquillo.[2]\n",18.3725,-65.71666666666667,Luquillo.txt
"Manat, Puerto Rico",Municipality,"\n Manat(Spanish pronunciation:[manati]) is acityandmunicipalityofPuerto Ricoon the northern coast, north ofMorovisandCiales; east ofFloridaandBarceloneta; and west ofVega Baja. Manat is spread over 8 barrios andManat barrio-pueblo(the downtown area and the administrative center of the city). It is part of theSan Juan-Caguas-Guaynabo Metropolitan Statistical Area.\n Manat was founded in 1738 by Don Pedro Menendez Valdes. The Iglesia Nuestra Seora de la Candelaria church was built in the seventeenth century and is still standing in its original spot.[2]Manati is known asLa Ciudad Metropolitana(The Metropolitan City), and also asLas Atenas de Puerto Rico,(The Athens of Puerto Rico).[3]It is named after a sea mammal, themanatee(the sea cow).\n",18.4325,-66.48444444444445,Manatí.txt
"Maricao, Puerto Rico",Municipality,"\n Maricao(Spanish pronunciation:[maikao]) is atownand the second-least populousmunicipalityofPuerto Rico; it is located at the western edge of theCordillera Central. It is a small town set around a small square in hilly terrain, north ofSan Germn,Sabana GrandeandYauco; south ofLas MarasandLares, southeast ofMayagez, and west ofAdjuntas. Maricao is spread over 6 barrios andMaricao Pueblo(the downtown area and the administrative center of the city).\n The town borders theMaricao Fish Hatchery, afish hatcherymade up of tanks and pools in a garden setting, where some 25,000 fish are raised yearly to stock farm fishponds and island lakes.[2]The hatchery is part of theMaricao State Forest, also known asMonte del Estado. Though of dryer vegetation than the other mountain forest, Maricao is home to large number ofbird species. Its stone observation tower provides far-flung views to the coast and theMona Passage.\n",18.180833333333336,-66.98,Maricao.txt
"Maunabo, Puerto Rico",Municipality,"\n Maunabo(Spanish pronunciation:[mawnao]) is atownandmunicipalityofPuerto Ricolocated in the Maunabo Valley on the southeastern coast, northeast ofPatillasand south ofYabucoa. Maunabo is spread over eight barrios andMaunabo Pueblo(the downtown area and the administrative center of the city). It is part of theSan Juan-Caguas-Guaynabo Metropolitan Statistical Area. The current mayor of the town isJorge L. Mrquez Prezand the population in 2020 was 10,589.\n Maunabo was founded in 1799. Maunabo derives its name from aTainonameManatuabnfor theMaunabo River.[2]\n",18.006944444444443,-65.89916666666667,Maunabo.txt
"Mayagez, Puerto Rico",Municipality,"\n\n Mayagez(Spanish pronunciation:[maawes],locally[maawe]) is the ninth-largest[4]municipalityinPuerto Rico. It was founded asPueblo de Nuestra Seora de la Candelaria de Mayagez(Township ofOur Lady of Candelaria), and is also known asLa Sultana del Oeste(The Sultaness of the West),Ciudad de las Aguas Puras(City of Pure Waters), orCiudad del Mang(Mango City). On April 6, 1894, theSpanish Crowngranted it the formal title ofExcelente Ciudad de Mayagez(Excellent City of Mayagez).[5][6]Mayagez is located in the center of the western coast on the island of Puerto Rico. It has a population of 73,077, and it is the principal city of theMayagez Metropolitan Statistical Area(pop. 213,831) and theMayagezAguadilla, PR Combined Statistical Area(pop. 467,599).[4]\n TheMayagez Metro Area(and part ofAasco) lies today on two formerTanoCacicazgos (chiefdoms): Yaguex and Yageca, a region noted for its record of colonial resistance (i.e.,UrayonandLegend of Diego Salcedo). The Tainos constituted the majority of the island\'s inhabitants at the time of contact with Europeans in 1493 and called itBorikn or Borinquen. Today, this appellation and its variations continue to designate the Island of Puerto Rico and its people. The Tanos came from South American branches ofArawakan speakers, more specifically from modern-dayVenezuela, and lived in small villages, organized their society in clans and named their chiefsCacique. They were farmers who domesticated crops aspineapples,cassava, andsweet potatoessupplemented byfishand seafood.[citation needed]\n",18.20111111111111,-67.13972222222223,Mayagüez.txt
"Moca, Puerto Rico",Municipality,"\n Moca(Spanish pronunciation:[moka]) is atownandmunicipalityofPuerto Rico, located in the north-western region of the island, north ofAasco; southeast ofAguadilla; east ofAguada; and west ofIsabelaandSan Sebastin. Moca is spread over 12 barrios andMoca Pueblo(the downtown area and the administrative center). It is part of theAguadilla-Isabela-San Sebastin Metropolitan Statistical Area.\n The name comes from the Moca tree (Andira inermis)which are very common in this region.\n",18.39472222222222,-67.11333333333333,Moca.txt
"Morovis, Puerto Rico",Municipality,"\n Morovis(Spanish pronunciation:[moois],locally[mooi]) is atownandmunicipalityofPuerto Ricolocated in the central region of the island, north ofOrocovis, south ofManat,Vega BajaandVega Alta; east ofCiales, and west ofCorozal. Morovis is spread over 13 barrios andMorovis Pueblo(the downtown area and the administrative center of the city).[3]It is part of theSan Juan-Caguas-Guaynabo Metropolitan Statistical Area.\n In 1815, a group of residents, under the leadership of Don Juan Jos de la Torre, began the process to separate Morovis fromManat. In 1817, thegovernment of Puerto Ricoapproved the separation, but it was not until 1818 that the requirements of a population of one thousand residents and the construction of a church and several other public buildings was fulfilled, that the municipality of Morovis was officially founded. In 1822, the mayorship was constructed and in 1823, the new church was built, dedicated toNuestra Seora del Carmenon lands donated by Don Juan Evangelista Rivera. Its first mayor was Don Juan Jos de la Torre, with its second mayor being Don Juan Evangelista Rivera.[4]\nMorovis has a particular nickname. It was the only municipality in Puerto Rico that did not suffer from acholeraepidemic in 1853; as a result, a common phrase,""la isla menos Morovis""(""(all of) the island but Morovis"") was coined. The phrase is believed by Puerto Ricans from outside of the town to have a negative connotation againstmoroveos, while, in reality, it is considered a positive motto.\n",18.333333333333332,-66.41666666666667,Morovis.txt
"Naguabo, Puerto Rico",Municipality,"\n Naguabo(Spanish pronunciation:[nawao],locally[nawao]) is atownandmunicipalityinPuerto Ricolocated in the east coast of the island bordered by theVieques Passage, north ofHumacao; south ofRo GrandeandCeiba; and east ofLas Piedras. Naguabo is spread over 8 barrios andNaguabo Pueblo(the downtown area and the administrative center of the city). It is part of theSan Juan-Caguas-Guaynabo Metropolitan Statistical Area.\n Naguabo is renowned for and is said to be the birthplace of thepastelillodechapn,which is a popular food in Puerto Rico. It istrunkfishwrapped inside deep-fried flour dough.Pastelillos de chapncan be found in almost any seaside establishment on the island.\n",18.21944444444444,-65.73666666666666,Naguabo.txt
"Naranjito, Puerto Rico",Municipality,"\n Naranjito(Spanish pronunciation:[naaxito]) is atownandmunicipalityofPuerto Ricolocated in the central region of the island, south ofToa Alta; north ofBarranquitasandComero; east ofCorozal; and west ofBayamn. Naranjito is spread over 7 barrios andNaranjito Pueblo(the downtown area and the administrative center). It is part of theSan Juan-Caguas-Guaynabo Metropolitan Statistical Area.\n The intention to form the municipality of Naranjito began in 1810. After a series of major incidents with powerful political interests of the time, on December 3, 1824, Don Braulio Morales successfully founded the town of Naranjito. The town was founded in the neighborhood of the same name, on a land donated by Doa Manuela Rivera and Don Braulio Morales. Morales was named ""Captain Settler"" and at the same time was appointed mayor of the town in development. The name ""Naranjito"" is derived from a small sour orange tree that served as a reference point for travelers looking for in the shortest way to the town ofToa Alta. At the time of its foundation, Naranjito consisted of five barrios/districts:Lomas,Guadiana,Achiote,NuevoandCedro. Cedro was divided in 1853 inCedro ArribaandCedro Abajo. The municipality\'s main urban zone is composed by the San Miguel, San Antonio and San Cristobal districts.\n",18.300833333333333,-66.245,Naranjito.txt
"Orocovis, Puerto Rico",Municipality,"\n Orocovis(from theTainochiefOrocobix) is a town andmunicipalityofPuerto Ricolocated in the center of the island. Founded by Juan Rivera de Santiago in 1825. Orocovis is spread over 17 barrios. It is part of theSan Juan-Caguas-Guaynabo Metropolitan Statistical Area. It\'s located north ofVillalbaandCoamo; south ofMorovisandCorozal; southeast ofCiales; east ofJayuya; and west ofBarranquitas\n Since before theSpanish colonizationin the16th century, theTanowere already established in the region. They were led by thecaciqueOrocobixand his tribe known as theJatibonicu. AfterSpaniardssettled in the island, the region was part of the south of Manat and the north region of Coamo. By 1823Orocoviswas abarrioofBarranquitaswhile Morovis (previously part of Manat) had a barrio calledBarros. Both Orocovis and Barros were eventually united to establish a new town.\n",18.22694444444444,-66.39111111111112,Orocovis.txt
"Patillas, Puerto Rico",Municipality,"\n Patillas(Spanish pronunciation:[patias],locally[patia]) is a beachtownandmunicipalityofPuerto Ricolocated in the southeastern coast, south ofSan Lorenzo; west ofYabucoaandMaunabo; and east ofGuayamaandArroyo. It is spread over 15 barrios andPatillas Pueblo(thedowntownarea and theadministrativecenter of the city). It is part of theGuayama Metropolitan Statistical Area.\n Europeans had settled the area as early as 1760. There was, however, no permanent settlement until the town was officially founded in 1811. In 1841 afire in Patillaskilled a great many people.[2]\n",18.00638888888889,-66.01583333333333,Patillas.txt
"Peñuelas, Puerto Rico",Municipality,"\n Peñuelas(Spanish pronunciation:[pewelas],locally[pewela]) is atownandmunicipalityinPuerto Ricolocated in the Peñuelas Valley on the southern coast of the island, south ofAdjuntas, east ofGuayanilla, west ofPonceand north of theCaribbean Sea. Peñuelas is spread over 12 barrios andPeuelas Pueblo(the downtown area and the administrative center of the city). It is part of theYauco Metropolitan Statistical Area. Peñuelas is known as ""La Capital del Giro"" (TheGiroCapital) and ""El Valle de los Flamboyanes"" (The Valley of theRoyal Poinciana trees). In 2020, Peñuelas had a population of 20,399.\n In 1754, a group of workers had settled over theBay of Tallaboa. Later gradually retreated deeper into the valley, heading tobarrios the most fertile land which would then be part of the town of Peñuelas. For the year 1788, approximately 80 families inhabiting the valley, which focused mainly on agriculture and livestock.\nPeuelas Township was founded August 25, 1793 by Diego de Alvarado.[3]\n",18.059444444444445,-66.7225,Peñuelas.txt
"Ponce, Puerto Rico",Municipality,"\n Ponce(US:/pnse,pon-/PAWN-say,POHN-,UK:/pn-/PON-,Spanish:[ponse]) is acityand amunicipalityon the southern coast ofPuerto Rico.[25]The most populated city outside theSan Juanmetropolitan area, was founded on August 12, 1692[note 1][26][20][27][17]and is named afterJuan Ponce de Len y Loayza,[28]the great-grandson of Spanish conquistadorJuan Ponce de Len.[note 2]Ponce is often referred to asLa Perla del Sur(The Pearl of the South),La Ciudad Seorial[b](The Manorial City[c]), andLa Ciudad de las Quenepas(GenipCity). \n The city serves as the governmental seat of the autonomous municipality as well as the regional hub for variousGovernment of Puerto Ricoentities, such as theJudiciary of Puerto Rico. It is also the regional center for variousU.S. Federal Governmentagencies. Ponce is a principal city of both thePonce Metropolitan Statistical Areaand thePonce-Yauco-Coamo Combined Statistical Area.\n",18.01087,-66.61392983333333,Ponce.txt
"Quebradillas, Puerto Rico",Municipality,"\n Quebradillas(Spanish pronunciation:[keaias],locally[keaia]) is atownandmunicipalityof the island ofPuerto Ricolocated in the northern shore bordering the Atlantic Ocean, north ofSan Sebastin; east ofIsabela; and west ofCamuy. Quebradillas is spread over seven barrios andQuebradillas Pueblo(the downtown area and the administrative center of the city). It is part of theSan Juan-Caguas-Guaynabo Metropolitan Statistical Area.\n Quebradillas is called ""La Guarida del Pirata"" (The Pirate\'s Hideout). A well-known beach in the area,Puerto Hermina, is home to an old structure known to have been a hiding place for pirates and their contraband.\n",,,Quebradillas.txt
"Rincn, Puerto Rico",Municipality,"\n Rincn(Spanish pronunciation:[rikon]) is a popular beachtownandmunicipalityofPuerto Ricofounded in 1771 by Don Luis de Añasco, who previously foundedAascoin 1733. It is located in the Western Coastal Valley, west ofAascoandAguada. Rincn is spread over 9 barrios andRincn Pueblo(the downtown area and the administrative center of the city). It is part of theAguadilla-Isabela-San Sebastin Metropolitan Statistical Area.\n The municipality is home to many of thesurfingbeaches in Puerto Rico, includingDomes, Marias,[2]Tres Palmas, Sandy Beach, Pools Beach, Crcega Beach and Rincn Town Beach. The word ""Rincn"" means ""nook"" inCastilian Spanish. Rincn is in the north, on the westernmost tip of Puerto Rico.\n",18.340277777777775,-67.25166666666667,Rincón.txt
"Ro Grande, Puerto Rico",Municipality,"\n Ro Grande(Spanish pronunciation:[ri.oande]) is atownandmunicipalityofPuerto Ricolocated on the eastern edge of the Northern Coastal Valley, north ofLas Piedras,NaguaboandCeiba; east ofLozaandCanvanasand west ofLuquillo. Ro Grande is spread over eight barrios andRo Grande Pueblo(the downtown area and the administrative center of the city). It is part of theSan Juan-Caguas-Guaynabo Metropolitan Statistical Area. A big portion ofEl Yunque National Forest, includingEl Yunque\'s peak, is located within the municipality.\n Ro Grande was founded on July 16, 1840, by Desiderio and Quilimaco Escobar, with the approval of Governor Miguel Lpez. It was named after theRo Grandeand is located where the Ro Grande and theRo Espritu Santojoin.\n",18.380277777777778,-65.83138888888888,Río Grande.txt
"Sabana Grande, Puerto Rico",Municipality,"\n Sabana Grande(Spanish pronunciation:[saanaande]) is atownandmunicipalityofPuerto Ricolocated north ofLajasandGunica; south ofMaricao; east ofSan Germn; and west ofYauco. Sabana Grande is spread over seven barrios andSabana Grande Pueblo(the downtown area and the administrative center of the city). It is part of theSan Germn-Cabo Rojo Metropolitan Statistical Area.\n The municipality\'s name comes from the extensive plain that occupies the southern part of the municipality which extends towards the west toSan GermanandHormigueros, better known as the Sabana Grande Valley (Spanishfor thebig savanna valley; the wordsabanaand the Englishsavannaboth come from theTainoword forplains). According to historian Mario Villar Roces, before 1808 there was a community with its own church on the land today known asSabana Grande Arriba(literallyupper great savanna). Evidence of this is the oldest baptismal registry preserved from the area, as Sabana Grande was originally a sector of the municipality of San Germn.\n",18.079722222222223,-66.96083333333334,Sabana Grande.txt
"Salinas, Puerto Rico",Municipality,"\n Salinas(Spanish pronunciation:[salinas],locally[salina]) is atownandmunicipalityin the southern part ofPuerto Ricolocated in the southern coast of the island, south ofAibonitoandCayey; southeast ofCoamo, east ofSanta Isabel; and west ofGuayama. Salinas is spread over 5 barrios andSalinas Pueblo(the downtown area and the administrative center of the city).\n It has long been a fishing spot forPuerto Ricans, known for its beaches, fish variety and the birthplace of the famous ""mojoisleo"".\n",17.977,-66.298,Salinas.txt
"San Germn, Puerto Rico",Municipality,"\n San Germn(Spanish pronunciation:[saxeman]) is a historictownandmunicipalitylocated in the Sabana Grande Valley of southwestern region ofPuerto Rico, south ofMayagezandMaricao, north ofLajas, east ofHormiguerosandCabo Rojo, and west ofSabana Grande. San Germn is spread over eighteen barrios plusSan Germn Pueblo(the downtown area and the administrative center of the city). It is both a principal city of theSan GermnCabo Rojo Metropolitan Statistical Areaand theMayagezSan GermnCabo Rojo Combined Statistical Area.\nSan Germn is the second oldest city of Puerto Rico, afterSan Juan, and itshistoric downtownis preserved as theSan Germn Historic District.[2]\n Puerto Rico was, at one time, divided administratively between the San Juan and the San Germn municipalities. The latter covered the western half of Puerto Rico and extended from the western shores of the island toAreciboin the north andPoncein the south.[3]\n",,,San Germán.txt
"San Juan, Puerto Rico",Municipality,"This is an accepted version of this page \n\n San Juan(/snhwn/,Spanish:[saxwan]; Spanish for ""SaintJohn"") is thecapital cityand most populousmunicipalityin theCommonwealthofPuerto Rico, anunincorporated territoryof theUnited States. As of the2020 census, it is the57th-largestcity under the jurisdiction of the United States, with a population of 342,259. San Juan was founded bySpanishcolonists in 1521, who called itCiudad de Puerto Rico(""City of Puerto Rico"", Spanish forrich port city).\n",18.406388888888888,-66.06388888888888,San Juan.txt
"San Lorenzo, Puerto Rico",Municipality,"\n San Lorenzo(Spanish pronunciation:[sanloenso],locally[saloeso]; Spanish for ""Saint Lawrence"") is atownandmunicipalityofPuerto Ricolocated in the eastern central region, north ofPatillasandYabucoa; south ofGurabo; east ofCaguasandCayey; and west ofJuncosandLas Piedras. San Lorenzo is spread over twelve barrios andSan Lorenzo Pueblo(the downtown area and the administrative center of the city). It is part of theSan Juan-Caguas-Guaynabo Metropolitan Statistical Area.\n San Lorenzo is called ""The town of theSamaritans"" and""Land of Legends."" The patron of the municipality isNuestra Seora de las Mercedes(Our Lady of Mercedes). The surrounding areas producetobaccoandsugar cane.\n",18.19,-65.96861111111112,San Lorenzo.txt
"San Sebastin, Puerto Rico",Municipality,"\n San Sebastin(Spanish pronunciation:[sanseastjan],locally[saseatja]) is atownandmunicipalityofPuerto Ricolocated in the northwestern region of the island, south ofIsabela,QuebradillasandCamuy; north ofLas Maras; east ofMocaandAasco; and west ofLares. San Sebastin is spread over twenty-four barrios andSan Sebastin Pueblo(the downtown area and the administrative center of the city). It is a principal city of theAguadilla-Isabela-San Sebastin Metropolitan Statistical Area.\n The permission to found the town was officially granted in 1752, under the leadship of the founder, CaptainCristbal Gonzlez de la Cruz, who among other residents had an interest in converting some cow farms into an agricultural village. The foundation of the town from the religious aspect, was consummated in December 1762 by Mariano Martin, the island catholic bishop at that time. At the beginning, by 1700, San Sebastin was a conglomerate of a few cow farms, owned by some residents of the Partido de Aguada. Las Vegas was the former plain site of one of the first cow farms located by the Guatemala riverside at the north. Also, another of those cow farms wasPepinito(today\'sdowntown) that was a prominent hill with a white calcium carbonate face. On the north side of the town it can be seen some of thispepinos(cucumbers). These two cow farms gave the town its first name. From these geographical features come the first names of the new village:Las Vegas del Pepino(Cucumber Fields). In 1865 it is documented asSan Sebastin de Las Vegas del Pepino.\n",18.33722222222222,-66.99055555555556,San Sebastián.txt
"Santa Isabel, Puerto Rico",Municipality,"\n Santa Isabel(Spanish pronunciation:[santajsael]) is atownandmunicipalityofPuerto Ricolocated in the southern coast of the island, south ofCoamo; east ofJuana Daz; and west ofSalinas. Santa Isabel is spread over 7 barrios andSanta Isabel Pueblo(the downtown area and the administrative center). It is the principal city of the Santa IsabelMicropolitan Statistical Areaand is part of thePonce-Yauco-Coamo Combined Statistical Area.\n Santa Isabel is known asThe Capital of Agriculture,[2]La Ciudad de los Potros(""City ofColts"") due to the number ofpotreros(orracehorsestud farms) in the area.\n",17.96611111111111,-66.405,Santa Isabel.txt
"Toa Alta, Puerto Rico",Municipality,"\n Toa Alta(Spanish pronunciation:[toaalta]) is atownandmunicipalityofPuerto Ricolocated in the northern coast of the island, north ofNaranjito; south ofDoradoandToa Baja; east ofVega AltaandCorozal; and west ofBayamn. Toa Alta is spread over eight barrios andToa Alta Pueblo(the downtown area and the administrative center of the city). It is part of theSan Juan-Caguas-Guaynabo metropolitan statistical area.[2]There are nine barrios in Toa Alta and altogether in 2020 had a population of 66,852. Ro de la Plata, is a large river that runs through Toa Alta. Toa Alta celebrates its patron saint festival in May.\n Toa Alta is located west of the capital city ofSan Juanand was founded in 1751, making it one of the oldest towns on the main island of Puerto Rico. The construction of the San Fernando Rey Church in the main town square began in 1752. It is popularly said that the name Toa Alta comes from theTanoword for mother or fertility,Thoa. Most likely the wordtoacomes from the Taino word forvalleyormountain; the region is also known asValle del Toa(Toa Valley).[citation needed]\n",18.388333333333332,-66.24833333333333,Toa Alta.txt
"Toa Baja, Puerto Rico",Municipality,"\n Toa Baja(Spanish pronunciation:[toaaxa]) is atownandmunicipalityofPuerto Ricolocated in the northern coast, north ofToa AltaandBayamn; east ofDorado; and west ofCatao. Toa Baja is spread over fivebarrios, includingToa Baja Pueblo(the downtown area and the administrative center of the city). Toa Baja is part of theSan Juan-Caguas-Guaynabo Metropolitan Statistical Area. Toa Baja is located fifteen minutes by car fromSan Juanand two hours fromPonce.\n The region of what is now Toa Baja belonged to theTanoregion of Toa and Bayamn, which was located on the north coast of Puerto Rico.[2]The regions were led by cacique Aramana and Majagua respectively. During theSpanish colonization, a farm was settled in the region around 1511 where Spanish settlers tried to learn from the Tanos how to grow fruits and vegetables. Some of the families who settled in the region were Marrero, Salgado, and Martnez, from theCanary Islands.[3]\n",18.44388888888889,-66.25972222222222,Toa Baja.txt
"Trujillo Alto, Puerto Rico",Municipality,"\n Trujillo Alto(Spanish pronunciation:[tuxioalto]) is atownandmunicipalityofPuerto Ricolocated in the Northern Coastal Plain, on the boundary between thekarstzone andSierra de Luquillo, north ofCaguas, andGurabo; southeast ofSan Juan, and west ofCarolina. Trujillo Alto is part of theSan Juan Metropolitan Area, which includes the municipalities ofBayamn,Guaynabo,Cataño, andToa Baja. The city is spread over 6 barrios andTrujillo Alto Pueblo(the downtown area and the administrative center of the city). It is part of theSan Juan-Caguas-Guaynabo Metropolitan Statistical Area.\n Trujillo Alto was officially founded in 1801, but gained more importance during the 20th century. Due to its proximity to the capital,San Juan, the city has become a suburb of the metropolitan area, which has sparked its growth during recent years. The population of Trujillo Alto has increased through the last century from 9,576 (1930) to 74,482 (2010). According to the 2010 Census, it is Puerto Rico\'s tenth-most populated municipality.[3]\n",18.36277777777778,-66.0175,Trujillo Alto.txt
"Utuado, Puerto Rico",Municipality,"\n Utuado(Spanish pronunciation:[utwao]) is atownandmunicipalityofPuerto Ricolocated in the central mountainous region of the island known as theCordillera Central. It is located north ofAdjuntasandPonce; south ofHatilloandArecibo; east ofLares; and west ofCialesandJayuya. It is the third-largest municipality in land area in Puerto Rico (afterAreciboandPonce). According to the2020 US Census, the municipality has a population of 28,287 spread over 24barriosandUtuado pueblo(the downtown area and the administrative center of the city).\n Utuado is the main municipality of the Utuadomicropolitan statistical areaand is part of theSan Juan-Caguas-Fajardo Combined Statistical Area.\n",18.265555555555554,-66.70055555555555,Utuado.txt
"Vega Alta, Puerto Rico",Municipality,"\n Vega Alta(Spanish pronunciation:[beaalta]) is atownandmunicipalityofPuerto Rico. Vega Alta is on the northern coast of the island, north ofMorovisandCorozal; east ofVega Baja; and west ofDoradowith an area of 28 square miles (73 km2). Vega Alta is subdivided into seven barrios andVega Alta barrio-pueblo(the downtown area and the administrative center of the city). It is part of theSan Juan-Caguas-Guaynabo Metropolitan Statistical Area.\n Vega Alta is west ofSan Juan, the capital of Puerto Rico. Vega Alta is known for the beach at Cerro Gordo. Other points of interest include the town\'s Catholic church, known as Inmaculada Concepcin, which was founded in 1813, and theVega Alta Forest.[2]\n",18.41222222222222,-66.33138888888888,Vega Alta.txt
"Vega Baja, Puerto Rico",Municipality,"\n Vega Baja(Spanish pronunciation:[beaaxa]) is atownandmunicipalitylocated on the coast of north centralPuerto Rico. It is north ofMorovis, east ofManat, and west ofVega Alta. Vega Baja is spread over 14 barrios. The population of the municipality was 54,414 at the2020 census.[2]It is part of theSan JuanCaguasGuaynabo metropolitan statistical area.\n The name Vega Baja inSpanishmeans \'lower valley\' (Vega Altameaning \'upper valley\'). Historians believe that the name Vega Baja comes fromLa Vega. Vega is a surname of one of the families involved in the foundation of Vega Baja. It is also believed that the name comes from the region of SpainLa Vega Baja del Segura. Additionally, inCaribbean Spanish, avegais also atobaccoplantation.[3]\n",18.44611111111111,-66.3875,Vega Baja.txt
"Vieques, Puerto Rico",Municipality,"\n Vieques(/vieks/;Spanish pronunciation:[bjekes]), officiallyIsla de Vieques, is an island,townandmunicipalityofPuerto Rico, and together withCulebra, it is geographically part of theSpanish Virgin Islands. Vieques lies about 8 miles (13 km) east of themainland of Puerto Rico, measuring about 20 miles (32 km) long and 4.5 miles (7 km) wide. Its most populatedbarriois the town ofIsabel Segunda(or ""Isabel the Second"", sometimes written ""Isabel II""), the administrative center located on the northern side of the island. The population of Vieques was 8,249 at the 2020 Census.\n The island\'s name is a Spanish spelling of aTanoword said to mean ""small island"" or ""small land"". It also has the nicknameIsla Nena, usually translated as ""girl island"" or ""little girl island"", alluding to its perception as Puerto Rico\'s little sister. The island was given this name by the Puerto Rican poetLus Llorns Torres. During theBritish colonialperiod, its name wasCrab Island.\n",18.116666666666667,-65.41666666666667,Vieques.txt
"Villalba, Puerto Rico",Municipality,"\n Villalba(Spanish pronunciation:[biala]), originally known asVilla Alba, is atownandmunicipalityofPuerto Ricolocated in the central region, northeast ofJuana Daz; south ofOrocovis; and west ofCoamo. Villalba is spread over 6 barrios andVillalba Pueblo(the downtown area and the administrative center of the city). It is part of thePonce Metropolitan Statistical Area.\n Villalba was founded in 1917 by Jos Ramn Figueroa y Rivera andWalter McJones. Its current mayor is Luis Javier Hernndez Ortiz.\nBy 1918, there weren\'t any highways connecting Villalba to its neighboring towns but by 1927 there was at least one.[2]\n",18.127222222222223,-66.49222222222222,Villalba.txt
"Yabucoa, Puerto Rico",Municipality,"\n Yabucoa(Spanish pronunciation:[aukoa]) is atownandmunicipalityinPuerto Ricolocated in the eastern region, north ofMaunabo; south ofSan Lorenzo,Las PiedrasandHumacao; and east ofPatillas. Yabucoa is spread over 9 barrios andYabucoa Pueblo(the downtown area and the administrative center of the city). It is part of theSan Juan-Caguas-Guaynabo Metropolitan Statistical Area.\n The nameYabucoais said to come from theTanonameGuaroca, both a toponymic and personal name meaning ""where water [is found]"". However this is considered afolk etymologyand other linguists suggest the name is most likely aSpanishinterpretation of the Tano wordyaucoa(similar to the nameYauco) which means ""cassavaplantation"".[3]\n",18.050555555555555,-65.87944444444443,Yabucoa.txt
"Yauco, Puerto Rico",Municipality,"\n Yauco(Spanish pronunciation:[awko]) is atownandmunicipalityin southernPuerto Rico. Although thedowntownis inland, the municipality stretches to a southern coast facing theCaribbean Sea. Yauco is located south ofMaricao,LaresandAdjuntas; east ofSabana GrandeandGunica; and west ofGuayanilla. The municipality consists of 20 barrios andYauco Pueblo(the downtown and administrative center of the municipality). It is both a principal town of theYauco Metropolitan Statistical Areaand thePonce-Yauco-Coamo Combined Statistical Area.\n It was founded by Fernando Pacheco on February 29, 1756, and developed for commodity crops oftobacco,sugar cane, andcoffee. Yauco became a center forCorsican immigration to Puerto Ricoin the 19th century due to its geographical similarity to their homeland.Corsicanshave contributed to many areas of life in Yauco, particularly to itscoffee industry. This has played a role in the town\'s nicknames ofEl Pueblo del Caf(Town of Coffee), and residents of the municipality are often referred to asLos Corsos(The Corsicans).\n",,,Yauco.txt
